{
    "name": "chemml.utils",
    "docstring": "",
    "inputs": [],
    "outputs": [],
    "node_functions": [
        {
            "name": "bool_formatter",
            "docstring": "\n    convert Python boolean to json/xml format of boolean\n\n    Parameters\n    ----------\n    bool_value: bool\n        the boolean value that needs to be converted\n\n    Returns\n    -------\n    str\n        either \"true\" or \"false\"\n\n    ",
            "inputs": [
                {
                    "name": "bool_value: bool",
                    "docstring": "the boolean value that needs to be converted",
                    "param_type": [
                        null
                    ],
                    "expected_shape": null,
                    "is_optional": false,
                    "default_value": null,
                    "options": null
                }
            ],
            "outputs": [
                {
                    "name": "",
                    "docstring": "either \"true\" or \"false\"",
                    "param_type": [
                        "str"
                    ],
                    "returned": true
                }
            ]
        },
        {
            "name": "check_object_col",
            "docstring": "\n    check if columns with type 'object' don't have elements that can be\n      converted to numeric values.\n    remove columns with all non numeric elements.\n\n    Parameters\n    ----------\n    df: pandas dataframe\n        input dataframe\n    name: str\n        variable name of the dataframe for internal usage, e.g. error message handling\n\n    Returns\n    -------\n    pandas dataframe\n        modified dataframe\n    ",
            "inputs": [
                {
                    "name": "df: pandas dataframe",
                    "docstring": "input dataframe",
                    "param_type": [
                        null
                    ],
                    "expected_shape": null,
                    "is_optional": false,
                    "default_value": null,
                    "options": null
                },
                {
                    "name": "name: str",
                    "docstring": "variable name of the dataframe for internal usage, e.g. error message handling",
                    "param_type": [
                        null
                    ],
                    "expected_shape": null,
                    "is_optional": false,
                    "default_value": null,
                    "options": null
                }
            ],
            "outputs": [
                {
                    "name": "",
                    "docstring": "modified dataframe",
                    "param_type": [
                        "dataframe"
                    ],
                    "returned": true
                }
            ]
        },
        {
            "name": "chunk",
            "docstring": "\n    X and Y must be numpy array\n    n is the number of chunks (#total_batch).\n\n    Examples\n    --------\n    it = chunk ( range(len(X), n, X, Y)\n    X_chunk, y_chunk = next(it)\n\n    ",
            "inputs": [],
            "outputs": []
        },
        {
            "name": "isfloat",
            "docstring": "\n    check if the entry can become a float (float or string of float)\n\n    Parameters\n    ----------\n    val\n        an entry of any type\n\n    Returns\n    -------\n    bool\n        True if the input can become a float, False otherwise\n\n    ",
            "inputs": [
                {
                    "name": "val",
                    "docstring": "an entry of any type",
                    "param_type": [
                        null
                    ],
                    "expected_shape": null,
                    "is_optional": false,
                    "default_value": null,
                    "options": null
                }
            ],
            "outputs": [
                {
                    "name": "",
                    "docstring": "True if the input can become a float, False otherwise",
                    "param_type": [
                        "bool"
                    ],
                    "returned": true
                }
            ]
        },
        {
            "name": "isint",
            "docstring": "\n    check if the entry can become an integer (integer or string of integer)\n\n    Parameters\n    ----------\n    val\n        an entry of any type\n\n    Returns\n    -------\n    bool\n        True if the input can become an integer, False otherwise\n\n    ",
            "inputs": [
                {
                    "name": "val",
                    "docstring": "an entry of any type",
                    "param_type": [
                        null
                    ],
                    "expected_shape": null,
                    "is_optional": false,
                    "default_value": null,
                    "options": null
                }
            ],
            "outputs": [
                {
                    "name": "",
                    "docstring": "True if the input can become an integer, False otherwise",
                    "param_type": [
                        "bool"
                    ],
                    "returned": true
                }
            ]
        },
        {
            "name": "islist",
            "docstring": "\n    check if the entry is a list or is a string of list\n\n    Parameters\n    ----------\n    val\n        an entry of any type\n\n    Returns\n    -------\n    bool\n        True if the input is either a list or a string of list, False otherwise\n\n    ",
            "inputs": [
                {
                    "name": "val",
                    "docstring": "an entry of any type",
                    "param_type": [
                        null
                    ],
                    "expected_shape": null,
                    "is_optional": false,
                    "default_value": null,
                    "options": null
                }
            ],
            "outputs": [
                {
                    "name": "",
                    "docstring": "True if the input is either a list or a string of list, False otherwise",
                    "param_type": [
                        "bool"
                    ],
                    "returned": true
                }
            ]
        },
        {
            "name": "isnpdot",
            "docstring": "\n    check if the entry starts with 'np.'\n\n    Parameters\n    ----------\n    val: str\n        a string entry\n\n    Returns\n    -------\n    bool\n        True if the entry is a string and the first three characters are 'np.',\n        False otherwise\n\n    ",
            "inputs": [
                {
                    "name": "val: str",
                    "docstring": "a string entry",
                    "param_type": [
                        null
                    ],
                    "expected_shape": null,
                    "is_optional": false,
                    "default_value": null,
                    "options": null
                }
            ],
            "outputs": [
                {
                    "name": "",
                    "docstring": "True if the entry is a string and the first three characters are 'np.', False otherwise",
                    "param_type": [
                        "bool"
                    ],
                    "returned": true
                }
            ]
        },
        {
            "name": "istuple",
            "docstring": "\n    check if the entry is a tuple or is a string of tuple\n\n    Parameters\n    ----------\n    val\n        an entry of any type\n\n    Returns\n    -------\n    bool\n        True if the input is either a tuple or a string of tuple, False otherwise\n\n    Notes\n    -----\n    please note that '(1)' is also a tuple, while (1) is not a tuple\n\n    ",
            "inputs": [
                {
                    "name": "val",
                    "docstring": "an entry of any type",
                    "param_type": [
                        null
                    ],
                    "expected_shape": null,
                    "is_optional": false,
                    "default_value": null,
                    "options": null
                }
            ],
            "outputs": [
                {
                    "name": "",
                    "docstring": "True if the input is either a tuple or a string of tuple, False otherwise",
                    "param_type": [
                        "bool"
                    ],
                    "returned": true
                }
            ]
        },
        {
            "name": "list_del_indices",
            "docstring": "\n    iteratively remove elements of a list by indices\n    Parameters\n    ----------\n    mylist : list\n        the list of elements of interest\n\n    indices : list\n        the list of indices of elements that should be removed\n\n    Returns\n    -------\n    list\n        the reduced mylist entry\n\n    ",
            "inputs": [],
            "outputs": [
                {
                    "name": "",
                    "docstring": "the reduced mylist entry",
                    "param_type": [
                        "list"
                    ],
                    "returned": true
                }
            ]
        },
        {
            "name": "padaxis",
            "docstring": "\n    Padds one axis of an array to a new size\n\n    This is just a wrapper for np.pad, more usefull when only padding a single axis\n\n    Parameters\n    ----------\n    array: array\n        the array to pad\n\n    new_size: int\n        the new size of the specified axis\n\n    axis: int\n        axis along which to pad\n\n    pad_value: float or int, optional(default=0)\n        pad value\n\n    pad_right: bool, optional(default=True)\n        if True pad on the right side, otherwise pad on left side\n\n    Returns\n    -------\n        padded_array: np.array\n\n    ",
            "inputs": [
                {
                    "name": "array: array",
                    "docstring": "the array to pad",
                    "param_type": [
                        null
                    ],
                    "expected_shape": null,
                    "is_optional": false,
                    "default_value": null,
                    "options": null
                },
                {
                    "name": "new_size: int",
                    "docstring": "the new size of the specified axis",
                    "param_type": [
                        null
                    ],
                    "expected_shape": null,
                    "is_optional": false,
                    "default_value": null,
                    "options": null
                },
                {
                    "name": "axis: int",
                    "docstring": "axis along which to pad",
                    "param_type": [
                        null
                    ],
                    "expected_shape": null,
                    "is_optional": false,
                    "default_value": null,
                    "options": null
                },
                {
                    "name": "pad_value: float or int, optional(default=0)",
                    "docstring": "pad value",
                    "param_type": [
                        null
                    ],
                    "expected_shape": null,
                    "is_optional": false,
                    "default_value": null,
                    "options": null
                },
                {
                    "name": "pad_right: bool, optional(default=True)",
                    "docstring": "if True pad on the right side, otherwise pad on left side",
                    "param_type": [
                        null
                    ],
                    "expected_shape": null,
                    "is_optional": false,
                    "default_value": null,
                    "options": null
                }
            ],
            "outputs": [
                {
                    "name": "",
                    "docstring": "",
                    "param_type": [
                        "array"
                    ],
                    "returned": true
                }
            ]
        },
        {
            "name": "std_datetime_str",
            "docstring": " human readable data and time\n        This function gives out the formatted time as a standard string, i.e., YYYY-MM-DD hh:mm:ss.\n    ",
            "inputs": [],
            "outputs": []
        },
        {
            "name": "tot_exec_time_str",
            "docstring": " execution time\n        This function gives out the formatted time string.\n    ",
            "inputs": [],
            "outputs": []
        },
        {
            "name": "update_default_kwargs",
            "docstring": "\n    This function receives a spuer-dictionary (e.g., default kwargs) and update the values with a sub-dictionary (e.g., kwargs).\n\n    Parameters\n    ----------\n    default_kw: dict\n        The default dictionary\n\n    kw: dict\n        The (partially) updated dictionary values. The keys must be in the default_kw.\n\n    Raises\n    ------\n    ValueError\n        If the keys in the default_kw is not a superset of the keys inside the kw.\n\n    Returns\n    -------\n    dict\n        The full default dictionary with all the keys, but potentially updated values based on the second dicitonary.\n\n    ",
            "inputs": [
                {
                    "name": "default_kw: dict",
                    "docstring": "The default dictionary",
                    "param_type": [
                        null
                    ],
                    "expected_shape": null,
                    "is_optional": false,
                    "default_value": null,
                    "options": null
                },
                {
                    "name": "kw: dict",
                    "docstring": "The (partially) updated dictionary values. The keys must be in the default_kw.",
                    "param_type": [
                        null
                    ],
                    "expected_shape": null,
                    "is_optional": false,
                    "default_value": null,
                    "options": null
                }
            ],
            "outputs": [
                {
                    "name": "",
                    "docstring": "The full default dictionary with all the keys, but potentially updated values based on the second dicitonary.",
                    "param_type": [
                        "dict"
                    ],
                    "returned": true
                }
            ]
        },
        {
            "name": "value",
            "docstring": "\n    check if the string entry can be evaluated to python data structure\n\n    Parameters\n    ----------\n    entry: str\n        an entry of type str\n\n    Returns\n    -------\n    bool\n        True if the input can become an integer, False otherwise\n\n    Notes\n    -----\n    returns 'type' for the entry 'type', although type is a code object\n\n    ",
            "inputs": [
                {
                    "name": "entry: str",
                    "docstring": "an entry of type str",
                    "param_type": [
                        null
                    ],
                    "expected_shape": null,
                    "is_optional": false,
                    "default_value": null,
                    "options": null
                }
            ],
            "outputs": [
                {
                    "name": "",
                    "docstring": "True if the input can become an integer, False otherwise",
                    "param_type": [
                        "bool"
                    ],
                    "returned": true
                }
            ]
        }
    ],
    "nodes": [],
    "library": "chemml",
    "module": "utils"
}