{
    "name": "chemml.preprocessing",
    "docstring": "",
    "inputs": [],
    "outputs": [],
    "node_functions": [],
    "nodes": [
        {
            "name": "ConstantColumns",
            "docstring": "\n    remove constant columns\n\n\n    Attributes\n    ----------\n    removed_columns: list of column headers that have been removed\n\n    Returns\n    -------\n    df: pandas dataframe\n\n    ",
            "inputs": [],
            "outputs": [
                {
                    "name": "",
                    "docstring": "",
                    "param_type": [
                        "dataframe"
                    ],
                    "returned": true
                },
                {
                    "name": "removed_columns: list of column headers that have been removed",
                    "docstring": "",
                    "param_type": [
                        null
                    ],
                    "returned": false
                }
            ],
            "node_functions": [
                {
                    "name": "__init__",
                    "docstring": "Initialize self.  See help(type(self)) for accurate signature.",
                    "inputs": [],
                    "outputs": []
                },
                {
                    "name": "fit_transform",
                    "docstring": "\n        fit the method to the input dataframe and change it accordingly\n\n        Parameters\n        ----------\n        df: pandas dataframe\n            input dataframe\n\n        Returns\n        -------\n        transformed dataframe\n        ",
                    "inputs": [
                        {
                            "name": "df: pandas dataframe",
                            "docstring": "input dataframe",
                            "param_type": [
                                null
                            ],
                            "expected_shape": null,
                            "is_optional": false,
                            "default_value": null,
                            "options": null
                        }
                    ],
                    "outputs": [
                        {
                            "name": "",
                            "docstring": "",
                            "param_type": [
                                "dataframe"
                            ],
                            "returned": true
                        }
                    ]
                },
                {
                    "name": "transform",
                    "docstring": "\n        find and remove headers that are in the removed_columns_ attribute of the previous fit_transform method\n\n        Parameters\n        ----------\n        df: pandas dataframe\n            input dataframe\n\n        Returns\n        -------\n        transformed dataframe\n        ",
                    "inputs": [
                        {
                            "name": "df: pandas dataframe",
                            "docstring": "input dataframe",
                            "param_type": [
                                null
                            ],
                            "expected_shape": null,
                            "is_optional": false,
                            "default_value": null,
                            "options": null
                        }
                    ],
                    "outputs": [
                        {
                            "name": "",
                            "docstring": "",
                            "param_type": [
                                "dataframe"
                            ],
                            "returned": true
                        }
                    ]
                }
            ],
            "nodes": []
        },
        {
            "name": "MissingValues",
            "docstring": "\n    find missing values and interpolate/replace or remove them.\n\n    Parameters\n    ----------\n    strategy: string, optional (default=\"ignore_row\")\n        \n        list of strategies:\n        - interpolate: interpolate based on sorted target values\n        - zero: set to the zero\n        - ignore_row: remove the entire row in data and target\n        - ignore_column: remove the entire column in data and target\n\n    string_as_null: boolean, optional (default=True)\n        If True non numeric elements are considered to be null in computations.\n    \n    missing_values: list, optional (default=None)\n        where you define specific formats of missing values. It is a list of string, float or integer values.\n\n    inf_as_null: boolean, optional (default=True)\n        If True inf and -inf elements are considered to be null in computations.\n\n    Returns\n    -------\n    data frame\n    mask: Only if strategy = ignore_row. Mask is a binary pandas series which stores the information regarding removed\n    ",
            "inputs": [
                {
                    "name": "strategy: string, optional (default=\"ignore_row\")",
                    "docstring": "list of strategies: - interpolate: interpolate based on sorted target values - zero: set to the zero - ignore_row: remove the entire row in data and target - ignore_column: remove the entire column in data and target",
                    "param_type": [
                        null
                    ],
                    "expected_shape": null,
                    "is_optional": false,
                    "default_value": null,
                    "options": null
                },
                {
                    "name": "string_as_null: boolean, optional (default=True)",
                    "docstring": "If True non numeric elements are considered to be null in computations.",
                    "param_type": [
                        null
                    ],
                    "expected_shape": null,
                    "is_optional": false,
                    "default_value": null,
                    "options": null
                },
                {
                    "name": "missing_values: list, optional (default=None)",
                    "docstring": "where you define specific formats of missing values. It is a list of string, float or integer values.",
                    "param_type": [
                        null
                    ],
                    "expected_shape": null,
                    "is_optional": false,
                    "default_value": null,
                    "options": null
                },
                {
                    "name": "inf_as_null: boolean, optional (default=True)",
                    "docstring": "If True inf and -inf elements are considered to be null in computations.",
                    "param_type": [
                        null
                    ],
                    "expected_shape": null,
                    "is_optional": false,
                    "default_value": null,
                    "options": null
                }
            ],
            "outputs": [
                {
                    "name": "",
                    "docstring": "",
                    "param_type": [
                        null
                    ],
                    "returned": true
                },
                {
                    "name": "",
                    "docstring": "",
                    "param_type": [
                        "str"
                    ],
                    "returned": true
                }
            ],
            "node_functions": [
                {
                    "name": "__init__",
                    "docstring": "None",
                    "inputs": [],
                    "outputs": []
                },
                {
                    "name": "fit_transform",
                    "docstring": "\n        use fit_transform for:\n            - replace missing values with nan.\n            - drop columns with all nan values.\n            - fill nan values with the specified strategy.\n\n        Parameters\n        ----------\n        df : pandas data frame\n\n        Attributes\n        ----------\n        binary pandas series, only if strategy = 'ignore_row' or 'ignore_column'\n            mask is a binary vector whose length is the number of rows/indices in the df. The index of each bit shows\n            if the row/column in the same position has been removed or not.\n            The goal is keeping track of removed rows/columns to change the target data frame or other input data frames based\n            on that. The mask can later be used in the transform method to change other data frames in the same way.\n        ",
                    "inputs": [
                        {
                            "name": "df",
                            "docstring": "",
                            "param_type": [
                                null
                            ],
                            "expected_shape": null,
                            "is_optional": false,
                            "default_value": null,
                            "options": null
                        }
                    ],
                    "outputs": [
                        {
                            "name": "binary pandas series, only if strategy = 'ignore_row' or 'ignore_column'",
                            "docstring": "mask is a binary vector whose length is the number of rows/indices in the df. The index of each bit shows if the row/column in the same position has been removed or not. The goal is keeping track of removed rows/columns to change the target data frame or other input data frames based on that. The mask can later be used in the transform method to change other data frames in the same way.",
                            "param_type": [
                                null
                            ],
                            "returned": false
                        }
                    ]
                },
                {
                    "name": "transform",
                    "docstring": "\n        Only if the class is fitted with 'ignore_row' or 'ignore_column' strategies.\n\n        Parameters\n        ----------\n        df : pandas dataframe\n\n        Returns\n        -------\n        transformed data frame based on the mask vector from fit_transform method.\n        ",
                    "inputs": [
                        {
                            "name": "df",
                            "docstring": "",
                            "param_type": [
                                "dataframe"
                            ],
                            "expected_shape": null,
                            "is_optional": false,
                            "default_value": null,
                            "options": null
                        }
                    ],
                    "outputs": [
                        {
                            "name": "",
                            "docstring": "",
                            "param_type": [
                                null
                            ],
                            "returned": true
                        }
                    ]
                }
            ],
            "nodes": []
        },
        {
            "name": "Outliers",
            "docstring": "\n    remove all rows where the values of a certain column are within an specified\n    standard deviation from mean/median.\n\n    Parameters\n    ----------\n    m: float, optional (default=3.0)\n        the outlier threshold with respect to the standard deviation\n\n    strategy: string, optional (default='median')\n        available options: 'mean' and 'median'\n        Values of each column will be compared to the 'mean' or 'median' of that column.\n\n    Attributes\n    ----------\n    removed_rows_: numpy array of indices that have been removed\n\n    Notes\n    -----\n    We highly recommend you to remove constant columns first and then remove outliers.\n    ",
            "inputs": [
                {
                    "name": "m: float, optional (default=3.0)",
                    "docstring": "the outlier threshold with respect to the standard deviation",
                    "param_type": [
                        null
                    ],
                    "expected_shape": null,
                    "is_optional": false,
                    "default_value": null,
                    "options": null
                },
                {
                    "name": "strategy: string, optional (default='median')",
                    "docstring": "available options: 'mean' and 'median' Values of each column will be compared to the 'mean' or 'median' of that column.",
                    "param_type": [
                        null
                    ],
                    "expected_shape": null,
                    "is_optional": false,
                    "default_value": null,
                    "options": null
                }
            ],
            "outputs": [
                {
                    "name": "removed_rows_: numpy array of indices that have been removed",
                    "docstring": "",
                    "param_type": [
                        null
                    ],
                    "returned": false
                }
            ],
            "node_functions": [
                {
                    "name": "__init__",
                    "docstring": "None",
                    "inputs": [],
                    "outputs": []
                },
                {
                    "name": "fit_transform",
                    "docstring": "\n        fit the method to the input dataframe and change it accordingly\n\n        Parameters\n        ----------\n        df: pandas dataframe\n            input dataframe\n\n        Returns\n        -------\n        transformed dataframe\n        ",
                    "inputs": [
                        {
                            "name": "df: pandas dataframe",
                            "docstring": "input dataframe",
                            "param_type": [
                                null
                            ],
                            "expected_shape": null,
                            "is_optional": false,
                            "default_value": null,
                            "options": null
                        }
                    ],
                    "outputs": [
                        {
                            "name": "",
                            "docstring": "",
                            "param_type": [
                                "dataframe"
                            ],
                            "returned": true
                        }
                    ]
                },
                {
                    "name": "transform",
                    "docstring": "\n        find and remove rows/indices that are in the removed_rows_ attribute of the previous fit_transform method\n\n        Parameters\n        ----------\n        df: pandas dataframe\n            input dataframe\n\n        Returns\n        -------\n        transformed dataframe\n        ",
                    "inputs": [
                        {
                            "name": "df: pandas dataframe",
                            "docstring": "input dataframe",
                            "param_type": [
                                null
                            ],
                            "expected_shape": null,
                            "is_optional": false,
                            "default_value": null,
                            "options": null
                        }
                    ],
                    "outputs": [
                        {
                            "name": "",
                            "docstring": "",
                            "param_type": [
                                "dataframe"
                            ],
                            "returned": true
                        }
                    ]
                }
            ],
            "nodes": []
        }
    ],
    "library": "chemml",
    "module": "preprocessing"
}