{
    "name": "chemml.optimization",
    "docstring": "",
    "inputs": [],
    "outputs": [],
    "node_functions": [],
    "nodes": [
        {
            "name": "ActiveLearning",
            "docstring": "\n    The implementation of active learning of regression models using BEMCM and QBC methods and approaches for distribution shift alleviations.\n    This algorithm assumes that you have a pool of unlabeled data points and a limited budget to label them.\n    Thus, we combine the efficiency of the machine learning models with our active learning approach to suggest\n    optimal number of calculations to provide labeled data.\n\n    The implementation of this algorithm follows an interactive approach.\n    In other words, we often ask you to provide labels for the selected data points.\n\n    Parameters\n    ----------\n    model_creator : FunctionType\n        It's a function that returns the model. We call this function a couple of times during the search to build\n        fresh models with random weights.\n        Note that you should also compile your model inside the function. We don't provide options to compile the model.\n        The compile (e.g., for Keras models) defines the loss function, the optimizer/learning rate, and the metrics.\n\n    U : array-like\n        The features/descriptors of unlabeled candidates that are available to be labeled.\n\n    target_layer : str or list or FunctionType\n        If str, it's the name of a layer of the Keras model that is linearly mapped to the outputs.\n        If list, it's a list of str that each element corresponds to the name of layers.\n        If a function, it should be able to receive a model that will be created using the 'model_creator' and the X inputs,\n        and returns the outputs of the linear layer.\n\n    train_size : int, optional (default = 100)\n        It represents the absolute number of train samples that must be selected as the initial training set.\n        The search will begin with this many training samples and labels are required immediately.\n        Please choose a number based on:\n            - your budget.\n            - the minumum number that you think is enough to train your model.\n\n    test_size : int, optional (default = 100)\n        It represents the absolute number of test samples that will be held out for the evaluation of the model in all\n        rounds of your active learning search.\n        Note the test set will be acquired before search begins and won't be updated later during search.\n        Please choose a number based on:\n            - your budget.\n            - the diversity of the pool of candidates (U).\n\n    test_type : str, optional (default = 'passive')\n        The value must be either 'passive' or 'active'.\n        If passive, test set will be sampled randomly at the initialization.\n        If active, test set will be sampled randomly at each round.\n\n    batch_size : list, optional (default = [10])\n        This is a list of maxumum three non-negative int values. Each value specifies the number of data points that\n        our active learning approaches should query every round. The order of active learning approaches are as follows:\n            - Batch Expected Model Change Maximization (BEMCM)\n            - Query By Committee (QBC)\n            - Distribution Shift Alleviation (DSA)\n\n        Note that the last method (i.e., DSA) is a complement to the first two methods and can not be specified alone.\n\n    history : int, optional (default = 2)\n        This parameter must be an integer and greater than one. It specifies the number of previous active learning\n        rounds to memorize for the distribution shift alleviation (DSA) approach.\n\n    Attributes\n    ----------\n    queries : list\n        This list provides information regarding the indices of queried candidates.\n        for each element of the list:\n            - The index-0 is a short description.\n            - The index-1 is an array of indices.\n\n    query_number : int\n        The number of rounds you have run the active learning search method.\n\n    U_indices : ndarray\n        This is an array of the remaining unlabeled indices.\n\n    train_indices : ndarray\n        This is an array of all candidates' indices that are used as the training data.\n\n    test_indices : ndarray\n        This is an array of all candidates' indices that are used as the test data.\n\n    Y_pred : ndarray\n        The predicted Y values at the current stage. These values will be updated after each run of `search` method.\n\n    results : pandas.DataFrame\n        The final results of the active learning approach.\n\n    random_results : pandas.DataFrame\n        The final results of the random search.\n\n\n    Methods\n    -------\n    initialize\n    deposit\n    search\n    random_search\n    visualize\n    get_target_layer\n\n    Notes\n    -----\n    - You won't be able to resume the search unless you deposit the requested labeled data.\n\n    ",
            "inputs": [
                {
                    "name": "model_creator",
                    "docstring": "It's a function that returns the model. We call this function a couple of times during the search to build fresh models with random weights. Note that you should also compile your model inside the function. We don't provide options to compile the model. The compile (e.g., for Keras models) defines the loss function, the optimizer/learning rate, and the metrics.",
                    "param_type": [
                        null
                    ],
                    "expected_shape": null,
                    "is_optional": false,
                    "default_value": null,
                    "options": null
                },
                {
                    "name": "U",
                    "docstring": "The features/descriptors of unlabeled candidates that are available to be labeled.",
                    "param_type": [
                        "array"
                    ],
                    "expected_shape": null,
                    "is_optional": false,
                    "default_value": null,
                    "options": null
                },
                {
                    "name": "target_layer",
                    "docstring": "If str, it's the name of a layer of the Keras model that is linearly mapped to the outputs. If list, it's a list of str that each element corresponds to the name of layers. If a function, it should be able to receive a model that will be created using the 'model_creator' and the X inputs, and returns the outputs of the linear layer.",
                    "param_type": [
                        "str",
                        "list"
                    ],
                    "expected_shape": null,
                    "is_optional": false,
                    "default_value": null,
                    "options": null
                },
                {
                    "name": "train_size",
                    "docstring": "It represents the absolute number of train samples that must be selected as the initial training set. The search will begin with this many training samples and labels are required immediately. Please choose a number based on:     - your budget.     - the minumum number that you think is enough to train your model.",
                    "param_type": [
                        "int"
                    ],
                    "expected_shape": null,
                    "is_optional": true,
                    "default_value": "100",
                    "options": null
                },
                {
                    "name": "test_size",
                    "docstring": "It represents the absolute number of test samples that will be held out for the evaluation of the model in all rounds of your active learning search. Note the test set will be acquired before search begins and won't be updated later during search. Please choose a number based on:     - your budget.     - the diversity of the pool of candidates (U).",
                    "param_type": [
                        "int"
                    ],
                    "expected_shape": null,
                    "is_optional": true,
                    "default_value": "100",
                    "options": null
                },
                {
                    "name": "test_type",
                    "docstring": "The value must be either 'passive' or 'active'. If passive, test set will be sampled randomly at the initialization. If active, test set will be sampled randomly at each round.",
                    "param_type": [
                        "str"
                    ],
                    "expected_shape": null,
                    "is_optional": true,
                    "default_value": "passive",
                    "options": null
                },
                {
                    "name": "batch_size",
                    "docstring": "This is a list of maxumum three non-negative int values. Each value specifies the number of data points that our active learning approaches should query every round. The order of active learning approaches are as follows:     - Batch Expected Model Change Maximization (BEMCM)     - Query By Committee (QBC)     - Distribution Shift Alleviation (DSA)  Note that the last method (i.e., DSA) is a complement to the first two methods and can not be specified alone.",
                    "param_type": [
                        "list"
                    ],
                    "expected_shape": null,
                    "is_optional": true,
                    "default_value": "[10]",
                    "options": null
                },
                {
                    "name": "history",
                    "docstring": "This parameter must be an integer and greater than one. It specifies the number of previous active learning rounds to memorize for the distribution shift alleviation (DSA) approach.",
                    "param_type": [
                        "int"
                    ],
                    "expected_shape": null,
                    "is_optional": true,
                    "default_value": "2",
                    "options": null
                }
            ],
            "outputs": [
                {
                    "name": "queries",
                    "docstring": "This list provides information regarding the indices of queried candidates. for each element of the list:     - The index-0 is a short description.     - The index-1 is an array of indices.",
                    "param_type": [
                        "list"
                    ],
                    "returned": false
                },
                {
                    "name": "query_number",
                    "docstring": "The number of rounds you have run the active learning search method.",
                    "param_type": [
                        "int"
                    ],
                    "returned": false
                },
                {
                    "name": "U_indices",
                    "docstring": "This is an array of the remaining unlabeled indices.",
                    "param_type": [
                        "array"
                    ],
                    "returned": false
                },
                {
                    "name": "train_indices",
                    "docstring": "This is an array of all candidates' indices that are used as the training data.",
                    "param_type": [
                        "array"
                    ],
                    "returned": false
                },
                {
                    "name": "test_indices",
                    "docstring": "This is an array of all candidates' indices that are used as the test data.",
                    "param_type": [
                        "array"
                    ],
                    "returned": false
                },
                {
                    "name": "Y_pred",
                    "docstring": "The predicted Y values at the current stage. These values will be updated after each run of `search` method.",
                    "param_type": [
                        "array"
                    ],
                    "returned": false
                },
                {
                    "name": "results",
                    "docstring": "The final results of the active learning approach.",
                    "param_type": [
                        "dataframe"
                    ],
                    "returned": false
                },
                {
                    "name": "random_results",
                    "docstring": "The final results of the random search.",
                    "param_type": [
                        "dataframe"
                    ],
                    "returned": false
                }
            ],
            "node_functions": [
                {
                    "name": "_X_test",
                    "docstring": " We don't want to keep a potentially big matrix in the memory.",
                    "inputs": [],
                    "outputs": []
                },
                {
                    "name": "_X_train",
                    "docstring": " We don't want to keep a potentially big matrix in the memory.",
                    "inputs": [],
                    "outputs": []
                },
                {
                    "name": "__init__",
                    "docstring": "None",
                    "inputs": [],
                    "outputs": []
                },
                {
                    "name": "_bemcm",
                    "docstring": "\n        bemcm approach\n        B_EMCM = EMCM - correlation_term\n        EMCM = mean(deviations * lin_layer)\n        ",
                    "inputs": [],
                    "outputs": []
                },
                {
                    "name": "_correlation_term",
                    "docstring": "\n        The internal function to find the correlation term\n        ",
                    "inputs": [],
                    "outputs": []
                },
                {
                    "name": "_dsa_test_y",
                    "docstring": "\n        dsa approach based on the test data and predicted y values\n        ",
                    "inputs": [],
                    "outputs": []
                },
                {
                    "name": "_dsa_unlabeled",
                    "docstring": "\n        dsa approach based on unlabeled data\n        ",
                    "inputs": [],
                    "outputs": []
                },
                {
                    "name": "_dsa_y_dist",
                    "docstring": "\n        dsa approach based on the distribution of the test data and predicted y values\n        ",
                    "inputs": [],
                    "outputs": []
                },
                {
                    "name": "_fit",
                    "docstring": "None",
                    "inputs": [],
                    "outputs": []
                },
                {
                    "name": "_history_update",
                    "docstring": "\n        update last column of the history with dev and shift all the previous columns to the left.\n        ",
                    "inputs": [],
                    "outputs": []
                },
                {
                    "name": "_qbc",
                    "docstring": "\n        qbc approach\n        ",
                    "inputs": [],
                    "outputs": []
                },
                {
                    "name": "_scaler",
                    "docstring": "\n        The internal function to manage the X and Y scalers.\n\n        Returns\n        -------\n        scaler_x : scaler\n            The X scaler.\n\n        scaler_y : scaler\n            The Y scaler.\n\n        ",
                    "inputs": [],
                    "outputs": [
                        {
                            "name": "scaler_x",
                            "docstring": "The X scaler.",
                            "param_type": [
                                null
                            ],
                            "returned": true
                        },
                        {
                            "name": "scaler_y",
                            "docstring": "The Y scaler.",
                            "param_type": [
                                null
                            ],
                            "returned": true
                        }
                    ]
                },
                {
                    "name": "_train_predict_evaluate",
                    "docstring": "\n        This internal function trains the model, predicts the test values, calculate metrics if requested.\n\n        Returns\n        -------\n        class\n            trained model\n\n        ndarray\n            predicted values\n\n        float\n            MAE\n\n        float\n            RMSE\n\n        float\n            R-squared\n        ",
                    "inputs": [],
                    "outputs": [
                        {
                            "name": "",
                            "docstring": "trained model",
                            "param_type": [
                                null
                            ],
                            "returned": true
                        },
                        {
                            "name": "",
                            "docstring": "predicted values",
                            "param_type": [
                                "array"
                            ],
                            "returned": true
                        },
                        {
                            "name": "",
                            "docstring": "MAE",
                            "param_type": [
                                "float"
                            ],
                            "returned": true
                        },
                        {
                            "name": "",
                            "docstring": "RMSE",
                            "param_type": [
                                "float"
                            ],
                            "returned": true
                        },
                        {
                            "name": "",
                            "docstring": "R-squared",
                            "param_type": [
                                "float"
                            ],
                            "returned": true
                        }
                    ]
                },
                {
                    "name": "_uncertainty_tracker",
                    "docstring": "\n        recurcsive deviation of the history\n        ",
                    "inputs": [],
                    "outputs": []
                },
                {
                    "name": "_update_queries",
                    "docstring": "\n        This function removes empty lists of queries.\n\n        ",
                    "inputs": [],
                    "outputs": []
                },
                {
                    "name": "_update_train_test",
                    "docstring": "\n        This function take care of the test_type parameter.\n\n        ",
                    "inputs": [],
                    "outputs": []
                },
                {
                    "name": "_visualize_dist_pc",
                    "docstring": "plot #1 : The distribution of PC1 values\n        ",
                    "inputs": [],
                    "outputs": []
                },
                {
                    "name": "_visualize_dist_y",
                    "docstring": "plot #2 : The distribution of y values\n        ",
                    "inputs": [],
                    "outputs": []
                },
                {
                    "name": "_visualize_learning_curve",
                    "docstring": "plot #3 : The learning curve of results\n        ",
                    "inputs": [],
                    "outputs": []
                },
                {
                    "name": "deposit",
                    "docstring": "\n        This function helps you to deposit the data for candidates that were queried by initialize or search functions.\n\n        Parameters\n        ----------\n        indices: array-like\n            A 1-dimensional array of indices that was queried by initialize or search methods.\n            You can deposit the data partially and it doesn't have to be the entire array that is queried.\n\n        Y: array-like\n            The 2-dimensional labels of the data points as it will be used for the training of the model.\n            The first dimension of the array should be equal to the number of indices.\n            Y must be at least 2 dimensional.\n\n        Returns\n        -------\n\n        check : bool\n            True, if deposited properly. False, otherwise.\n\n        ",
                    "inputs": [
                        {
                            "name": "indices: array-like",
                            "docstring": "A 1-dimensional array of indices that was queried by initialize or search methods. You can deposit the data partially and it doesn't have to be the entire array that is queried.",
                            "param_type": [
                                null
                            ],
                            "expected_shape": null,
                            "is_optional": false,
                            "default_value": null,
                            "options": null
                        },
                        {
                            "name": "Y: array-like",
                            "docstring": "The 2-dimensional labels of the data points as it will be used for the training of the model. The first dimension of the array should be equal to the number of indices. Y must be at least 2 dimensional.",
                            "param_type": [
                                null
                            ],
                            "expected_shape": null,
                            "is_optional": false,
                            "default_value": null,
                            "options": null
                        }
                    ],
                    "outputs": [
                        {
                            "name": "check",
                            "docstring": "True, if deposited properly. False, otherwise.",
                            "param_type": [
                                "bool"
                            ],
                            "returned": true
                        }
                    ]
                },
                {
                    "name": "find_nearest",
                    "docstring": "None",
                    "inputs": [],
                    "outputs": []
                },
                {
                    "name": "get_target_layer",
                    "docstring": "\n        The main function to get the latent features from the linear layer of the keras model.\n\n        Returns\n        -------\n        target_layer : array-like\n            The concatenated array of the specified hidden layers by parameter `target_layer`.\n        ",
                    "inputs": [],
                    "outputs": [
                        {
                            "name": "target_layer",
                            "docstring": "The concatenated array of the specified hidden layers by parameter `target_layer`.",
                            "param_type": [
                                "array"
                            ],
                            "returned": true
                        }
                    ]
                },
                {
                    "name": "ignore",
                    "docstring": "\n        If you found out that the experimental setup or computational research on some of the candidates\n        is not feasible, just pass a list of their indices here and we remove them from the list of queries.\n\n        Parameters\n        ----------\n        indices : array-like\n            A 1D array of all the indices that should be removed from the list of `queries`.\n\n        ",
                    "inputs": [
                        {
                            "name": "indices",
                            "docstring": "A 1D array of all the indices that should be removed from the list of `queries`.",
                            "param_type": [
                                "array"
                            ],
                            "expected_shape": null,
                            "is_optional": false,
                            "default_value": null,
                            "options": null
                        }
                    ],
                    "outputs": []
                },
                {
                    "name": "initialize",
                    "docstring": "\n        The function to initialize the training and test set for the search.\n        You can run this function only once before starting the search.\n\n        Parameters\n        ----------\n        random_state : int or RandomState, optional (default = 90)\n            The random state will be directly passed to the sklearn.model_selection.ShuffleSplit\n            extra info at: https://scikit-learn.org/stable/modules/generated/sklearn.model_selection.ShuffleSplit.html#sklearn-model-selection-shufflesplit\n\n        Returns\n        -------\n        train_indices : array-like\n            The training set indices (Python 0-index) from the pool of candidates (U).\n            This is a 1D array.\n\n        test_indices : array-like\n            The test set indices (Python 0-index) from the pool of candidates (U).\n\n        ",
                    "inputs": [
                        {
                            "name": "random_state",
                            "docstring": "The random state will be directly passed to the sklearn.model_selection.ShuffleSplit extra info at: https://scikit-learn.org/stable/modules/generated/sklearn.model_selection.ShuffleSplit.html#sklearn-model-selection-shufflesplit",
                            "param_type": [
                                "int"
                            ],
                            "expected_shape": null,
                            "is_optional": true,
                            "default_value": "90",
                            "options": null
                        }
                    ],
                    "outputs": [
                        {
                            "name": "train_indices",
                            "docstring": "The training set indices (Python 0-index) from the pool of candidates (U). This is a 1D array.",
                            "param_type": [
                                "array"
                            ],
                            "returned": true
                        },
                        {
                            "name": "test_indices",
                            "docstring": "The test set indices (Python 0-index) from the pool of candidates (U).",
                            "param_type": [
                                "array"
                            ],
                            "returned": true
                        }
                    ]
                },
                {
                    "name": "random_search",
                    "docstring": "\n        This function randomly select same number of data points as the active learning rounds and store the results.\n\n        Parameters\n        ----------\n        Y: array-like\n            The 2-dimensional label for all the candidates in the pool. Basically, you won't run this method unless you have the labels\n            for all your samples. Otherwise, trust us and perform an active learning search.\n\n        test_type: str, optional (default = 'passive')\n            The parameter value must be either 'passive' or 'active'.\n            If passive, the initial randomly selected test set in the initialize method will be used for evaluation.\n            If active, the current test set of active learning approach will be used for evaluation. Thus, if the test_type in active\n            learning method is 'passive', you should run active and random search back to back and then deposit the data.\n            This way you make sure both active and random search are tested on the same test sets.\n\n        scale: bool or list, optional (default = True)\n            if True, sklearn.preprocessing.StandardScaler will be used to scale X and Y before training.\n            You can also pass a list of two scaler instances that perform sklearn-style fit_transform and transform methods\n            for the X and Y, respectively.\n\n        n_evaluation: int, optional (default = 3)\n            number of times to repeat training of the model and evaluation on test set.\n\n        random_state: int or RandomState, optional (default = 90)\n            The random state will be directly passed to the sklearn.model_selection methods.\n            Please find additional info at: https://scikit-learn.org/stable/modules/generated/sklearn.model_selection.KFold.html\n\n        kwargs\n            Any argument (except input data) that should be passed to the model's fit method.\n\n        Attributes\n        ----------\n        random_results: pandas dataframe\n            The results from the random sampling to provide the baseline for your active learning search.\n            You need to\n\n        Notes\n        -----\n            - This method replicate the active learning training size with random sampling approach. Thus, you can run\n            this function only if the results is not empty, i.e., you have run the active learning search at least once.\n\n        ",
                    "inputs": [
                        {
                            "name": "Y: array-like",
                            "docstring": "The 2-dimensional label for all the candidates in the pool. Basically, you won't run this method unless you have the labels for all your samples. Otherwise, trust us and perform an active learning search.",
                            "param_type": [
                                null
                            ],
                            "expected_shape": null,
                            "is_optional": false,
                            "default_value": null,
                            "options": null
                        },
                        {
                            "name": "test_type: str, optional (default = 'passive')",
                            "docstring": "The parameter value must be either 'passive' or 'active'. If passive, the initial randomly selected test set in the initialize method will be used for evaluation. If active, the current test set of active learning approach will be used for evaluation. Thus, if the test_type in active learning method is 'passive', you should run active and random search back to back and then deposit the data. This way you make sure both active and random search are tested on the same test sets.",
                            "param_type": [
                                null
                            ],
                            "expected_shape": null,
                            "is_optional": false,
                            "default_value": null,
                            "options": null
                        },
                        {
                            "name": "scale: bool or list, optional (default = True)",
                            "docstring": "if True, sklearn.preprocessing.StandardScaler will be used to scale X and Y before training. You can also pass a list of two scaler instances that perform sklearn-style fit_transform and transform methods for the X and Y, respectively.",
                            "param_type": [
                                null
                            ],
                            "expected_shape": null,
                            "is_optional": false,
                            "default_value": null,
                            "options": null
                        },
                        {
                            "name": "n_evaluation: int, optional (default = 3)",
                            "docstring": "number of times to repeat training of the model and evaluation on test set.",
                            "param_type": [
                                null
                            ],
                            "expected_shape": null,
                            "is_optional": false,
                            "default_value": null,
                            "options": null
                        },
                        {
                            "name": "random_state: int or RandomState, optional (default = 90)",
                            "docstring": "The random state will be directly passed to the sklearn.model_selection methods. Please find additional info at: https://scikit-learn.org/stable/modules/generated/sklearn.model_selection.KFold.html",
                            "param_type": [
                                null
                            ],
                            "expected_shape": null,
                            "is_optional": false,
                            "default_value": null,
                            "options": null
                        },
                        {
                            "name": "kwargs",
                            "docstring": "Any argument (except input data) that should be passed to the model's fit method.",
                            "param_type": [
                                null
                            ],
                            "expected_shape": null,
                            "is_optional": false,
                            "default_value": null,
                            "options": null
                        }
                    ],
                    "outputs": [
                        {
                            "name": "random_results: pandas dataframe",
                            "docstring": "The results from the random sampling to provide the baseline for your active learning search. You need to",
                            "param_type": [
                                null
                            ],
                            "returned": false
                        }
                    ]
                },
                {
                    "name": "search",
                    "docstring": "\n        The main function to start or continue an active learning search.\n        The bootstrap approach is used to generate an ensemble of models that estimate the prediction\n        distribution of the candidates' labels.\n\n        Parameters\n        ----------\n        n_evaluation : int, optional (default = 3)\n            number of times to repeat training of the model and evaluation on test set.\n\n        ensemble : str, optional (default = 'bootstrap')\n            The sampling method to create n ensembles and estimate the predictive distributions.\n                - 'bootstrap': standard bootstrap method (random choice with replacement)\n                - 'shuffle' : sklearn.model_selection.ShuffleSplit\n                - 'kfold' : sklearn.model_selection.KFold\n            The 'shuffle' and 'kfold' methods draw samples that are smaller than training set.\n\n        n_ensemble : int, optional (default = 5)\n            The size of the ensemble based on bootstrapping approach.\n\n        normalize_input : bool or list, optional (default = True)\n            if True, sklearn.preprocessing.StandardScaler will be used to normalize X and Y before training.\n            You can also pass a list of two scaler instances that perform sklearn-style fit_transform and transform methods\n            for the X and Y, respectively.\n\n        normalize_internal : bool, optional (default = False)\n            if True, the internal variables for estimation of gradients will be normalized.\n\n        random_state : int or RandomState, optional (default = 90)\n            The random state will be directly passed to the sklearn.model_selection.KFold or ShuffleSplit\n            Additional info at: https://scikit-learn.org/stable/modules/generated/sklearn.model_selection.KFold.html\n\n        kwargs\n            Any argument (except input data) that should be passed to the model's fit method.\n\n        Returns\n        -------\n        train_indices : array-like\n            The training set indices (Python 0-index) from the pool of candidates (U).\n            This is a 1D array.\n\n        ",
                    "inputs": [
                        {
                            "name": "n_evaluation",
                            "docstring": "number of times to repeat training of the model and evaluation on test set.",
                            "param_type": [
                                "int"
                            ],
                            "expected_shape": null,
                            "is_optional": true,
                            "default_value": "3",
                            "options": null
                        },
                        {
                            "name": "ensemble",
                            "docstring": "The sampling method to create n ensembles and estimate the predictive distributions.     - 'bootstrap': standard bootstrap method (random choice with replacement)     - 'shuffle' : sklearn.model_selection.ShuffleSplit     - 'kfold' : sklearn.model_selection.KFold The 'shuffle' and 'kfold' methods draw samples that are smaller than training set.",
                            "param_type": [
                                "str"
                            ],
                            "expected_shape": null,
                            "is_optional": true,
                            "default_value": "bootstrap",
                            "options": null
                        },
                        {
                            "name": "n_ensemble",
                            "docstring": "The size of the ensemble based on bootstrapping approach.",
                            "param_type": [
                                "int"
                            ],
                            "expected_shape": null,
                            "is_optional": true,
                            "default_value": "5",
                            "options": null
                        },
                        {
                            "name": "normalize_input",
                            "docstring": "if True, sklearn.preprocessing.StandardScaler will be used to normalize X and Y before training. You can also pass a list of two scaler instances that perform sklearn-style fit_transform and transform methods for the X and Y, respectively.",
                            "param_type": [
                                "bool",
                                "list"
                            ],
                            "expected_shape": null,
                            "is_optional": true,
                            "default_value": "True",
                            "options": null
                        },
                        {
                            "name": "normalize_internal",
                            "docstring": "if True, the internal variables for estimation of gradients will be normalized.",
                            "param_type": [
                                "bool"
                            ],
                            "expected_shape": null,
                            "is_optional": true,
                            "default_value": "False",
                            "options": null
                        },
                        {
                            "name": "random_state",
                            "docstring": "The random state will be directly passed to the sklearn.model_selection.KFold or ShuffleSplit Additional info at: https://scikit-learn.org/stable/modules/generated/sklearn.model_selection.KFold.html",
                            "param_type": [
                                "int"
                            ],
                            "expected_shape": null,
                            "is_optional": true,
                            "default_value": "90",
                            "options": null
                        },
                        {
                            "name": "kwargs",
                            "docstring": "Any argument (except input data) that should be passed to the model's fit method.",
                            "param_type": [
                                null
                            ],
                            "expected_shape": null,
                            "is_optional": false,
                            "default_value": null,
                            "options": null
                        }
                    ],
                    "outputs": [
                        {
                            "name": "train_indices",
                            "docstring": "The training set indices (Python 0-index) from the pool of candidates (U). This is a 1D array.",
                            "param_type": [
                                "array"
                            ],
                            "returned": true
                        }
                    ]
                },
                {
                    "name": "visualize",
                    "docstring": "\n        This function plot distribution of labels and principal components of the features for the last round of the\n        active learning search.\n        Note that this function uses the prediction values in the attribute `Y_pred`. This attribute will be updated after\n        each round of search. Thus, we recommend you run `visualize` right after each call of search method to get a trajectory\n        of the active learning process.\n\n        Parameters\n        ----------\n        Y: array-like, optional (default = None)\n            The 2-dimensional label for all the candidates in the pool (in case you have them!!!).\n            If you have all the labels, we will be able to produce additional cool visualizations.\n\n\n        Returns\n        -------\n        list\n            A list of matplotlib.figure.Figure or tuples. This object contains information about the plot\n\n        ",
                    "inputs": [
                        {
                            "name": "Y: array-like, optional (default = None)",
                            "docstring": "The 2-dimensional label for all the candidates in the pool (in case you have them!!!). If you have all the labels, we will be able to produce additional cool visualizations.",
                            "param_type": [
                                null
                            ],
                            "expected_shape": null,
                            "is_optional": false,
                            "default_value": null,
                            "options": null
                        }
                    ],
                    "outputs": [
                        {
                            "name": "",
                            "docstring": "A list of matplotlib.figure.Figure or tuples. This object contains information about the plot",
                            "param_type": [
                                "list"
                            ],
                            "returned": true
                        }
                    ]
                }
            ],
            "nodes": []
        },
        {
            "name": "GeneticAlgorithm",
            "docstring": "\n    A python implementation of real-valued, genetic algorithm for solving optimization problems.\n\n    Parameters\n    ----------\n    evaluate : function\n        The objective function that has to be optimized. The first parameter of the objective function is a list of the trial values of the hyper-parameters in the order in which they are declared in the space variable. The objective function should always return a tuple with the metric/metrics for single/multi-objective optimization.\n\n    space : tuple,\n        A tuple of dict objects specifying the hyper-parameter space to search in.\n        Each hyper-parameter should be a python dict object with the name of the hyper-parameter as the key.\n        Value is also a dict object with one mandatory key among: 'uniform', 'int' and 'choice' for defining floating point, integer and choice variables respectively.\n        Values for these keys should be a list defining the valid hyper-parameter search space (lower and upper bounds for 'int' and 'uniform', and all valid choices for 'choice').\n        For uniform, a 'mutation' key is also required for which the value is [mean, standard deviation] for the gaussian distribution.\n        Example:\n                ({'alpha': {'uniform': [0.001, 1],\n                            'mutation': [0, 1]}},\n                {'layers': {'int': [1, 3]}},\n                {'neurons': {'choice': range(0,200,20)}})\n\n    fitness : tuple, optional (default = ('Max',)\n        A tuple of string(s) for Maximizing (Max) or minimizing (Min) the objective function(s).\n\n    pop_size : integer, optional (default = 50)\n        Size of the population\n\n    crossover_size : int, optional (default = 30)\n        Number of individuals to select for crossover.\n\n    mutation_size : int, optional (default = 20)\n        Number of individuals to select for mutation.\n\n    crossover_type : string, optional (default = \"Blend\")\n        Type of crossover: SinglePoint, DoublePoint, Blend, Uniform\n\n    mutation_prob : float, optional (default = 0.4)\n        Probability of mutation.\n\n    algorithm : int, optional (default=1)\n        The algorithm to use for the search. Look at the 'search' method for a description of the various algorithms.\n\n            - Algorithm 1:\n                Initial population is instantiated.\n                Roulette wheel selection is used for selecting individuals for crossover and mutation.\n                The initial population, crossovered and mutated individuals form the pool of individuals from which the best\n                n members are selected as the initial population for the next generation, where n is the size of population.\n\n            - Algorithm 2:\n                Same as algorithm 1 but when selecting individuals for next generation, n members are selected using Roulette wheel selection.\n\n            - Algorithm 3:\n                Same as algorithm 1 but when selecting individuals for next generation, best members from each of the three pools (initital population, crossover and mutation) are selected according to the input parameters in the search method.\n\n            - Algorithm 4:\n                Same as algorithm 1 but mutation population is selected from the crossover population and not from the parents directly.\n\n    initial_population : list, optional (default=None)\n        The initial population for the algorithm to start with. If not provided, initial population is randomly generated.\n\n    ",
            "inputs": [
                {
                    "name": "evaluate",
                    "docstring": "The objective function that has to be optimized. The first parameter of the objective function is a list of the trial values of the hyper-parameters in the order in which they are declared in the space variable. The objective function should always return a tuple with the metric/metrics for single/multi-objective optimization.",
                    "param_type": [
                        null
                    ],
                    "expected_shape": null,
                    "is_optional": false,
                    "default_value": null,
                    "options": null
                },
                {
                    "name": "space",
                    "docstring": "A tuple of dict objects specifying the hyper-parameter space to search in. Each hyper-parameter should be a python dict object with the name of the hyper-parameter as the key. Value is also a dict object with one mandatory key among: 'uniform', 'int' and 'choice' for defining floating point, integer and choice variables respectively. Values for these keys should be a list defining the valid hyper-parameter search space (lower and upper bounds for 'int' and 'uniform', and all valid choices for 'choice'). For uniform, a 'mutation' key is also required for which the value is [mean, standard deviation] for the gaussian distribution. Example:         ({'alpha': {'uniform': [0.001, 1],                     'mutation': [0, 1]}},         {'layers': {'int': [1, 3]}},         {'neurons': {'choice': range(0,200,20)}})",
                    "param_type": [
                        "tuple"
                    ],
                    "expected_shape": null,
                    "is_optional": false,
                    "default_value": null,
                    "options": null
                },
                {
                    "name": "fitness",
                    "docstring": "A tuple of string(s) for Maximizing (Max) or minimizing (Min) the objective function(s).",
                    "param_type": [
                        "tuple"
                    ],
                    "expected_shape": null,
                    "is_optional": true,
                    "default_value": null,
                    "options": null
                },
                {
                    "name": "pop_size",
                    "docstring": "Size of the population",
                    "param_type": [
                        "int"
                    ],
                    "expected_shape": null,
                    "is_optional": true,
                    "default_value": "50",
                    "options": null
                },
                {
                    "name": "crossover_size",
                    "docstring": "Number of individuals to select for crossover.",
                    "param_type": [
                        "int"
                    ],
                    "expected_shape": null,
                    "is_optional": true,
                    "default_value": "30",
                    "options": null
                },
                {
                    "name": "mutation_size",
                    "docstring": "Number of individuals to select for mutation.",
                    "param_type": [
                        "int"
                    ],
                    "expected_shape": null,
                    "is_optional": true,
                    "default_value": "20",
                    "options": null
                },
                {
                    "name": "crossover_type",
                    "docstring": "Type of crossover: SinglePoint, DoublePoint, Blend, Uniform",
                    "param_type": [
                        "str"
                    ],
                    "expected_shape": null,
                    "is_optional": true,
                    "default_value": "\"Blend\"",
                    "options": null
                },
                {
                    "name": "mutation_prob",
                    "docstring": "Probability of mutation.",
                    "param_type": [
                        "float"
                    ],
                    "expected_shape": null,
                    "is_optional": true,
                    "default_value": "0.4",
                    "options": null
                },
                {
                    "name": "algorithm",
                    "docstring": "The algorithm to use for the search. Look at the 'search' method for a description of the various algorithms.      - Algorithm 1:         Initial population is instantiated.         Roulette wheel selection is used for selecting individuals for crossover and mutation.         The initial population, crossovered and mutated individuals form the pool of individuals from which the best         n members are selected as the initial population for the next generation, where n is the size of population.      - Algorithm 2:         Same as algorithm 1 but when selecting individuals for next generation, n members are selected using Roulette wheel selection.      - Algorithm 3:         Same as algorithm 1 but when selecting individuals for next generation, best members from each of the three pools (initital population, crossover and mutation) are selected according to the input parameters in the search method.      - Algorithm 4:         Same as algorithm 1 but mutation population is selected from the crossover population and not from the parents directly.",
                    "param_type": [
                        "int"
                    ],
                    "expected_shape": null,
                    "is_optional": true,
                    "default_value": "1",
                    "options": null
                },
                {
                    "name": "initial_population",
                    "docstring": "The initial population for the algorithm to start with. If not provided, initial population is randomly generated.",
                    "param_type": [
                        "list",
                        null
                    ],
                    "expected_shape": null,
                    "is_optional": true,
                    "default_value": "None",
                    "options": null
                }
            ],
            "outputs": [],
            "node_functions": [
                {
                    "name": "DoublePointCrossover",
                    "docstring": "None",
                    "inputs": [],
                    "outputs": []
                },
                {
                    "name": "SinglePointCrossover",
                    "docstring": "None",
                    "inputs": [],
                    "outputs": []
                },
                {
                    "name": "UniformCrossover",
                    "docstring": "None",
                    "inputs": [],
                    "outputs": []
                },
                {
                    "name": "__init__",
                    "docstring": "None",
                    "inputs": [],
                    "outputs": []
                },
                {
                    "name": "blend",
                    "docstring": "None",
                    "inputs": [],
                    "outputs": []
                },
                {
                    "name": "chromosome_generator",
                    "docstring": "None",
                    "inputs": [],
                    "outputs": []
                },
                {
                    "name": "custom_mutate",
                    "docstring": "None",
                    "inputs": [],
                    "outputs": []
                },
                {
                    "name": "fused",
                    "docstring": "None",
                    "inputs": [],
                    "outputs": []
                },
                {
                    "name": "pop_generator",
                    "docstring": "None",
                    "inputs": [],
                    "outputs": []
                },
                {
                    "name": "search",
                    "docstring": "\n        Parameters\n        ----------\n        n_generations : integer, optional (default = 20)\n                An integer for the number of generations to evolve the population for.\n\n        early_stopping : int, optional (default=10)\n                Integer specifying the maximum number of generations for which the algorithm can select the same best individual, after which \n                the search terminates.\n\n        init_ratio : float, optional (default = 0.4)\n            Fraction of initial population to select for next generation. Required only for algorithm 3.\n\n        crossover_ratio : float, optional (default = 0.3)\n            Fraction of crossover population to select for next generation. Required only for algorithm 3.\n\n        \n        Attributes\n        ----------\n        population : list,\n            list of individuals from the final generation\n\n        fitness_dict : dict,\n            dictionary of all individuals evaluated by the algorithm\n\n\n        Returns\n        -------\n        best_ind_df :  pandas dataframe\n            A pandas dataframe of best individuals of each generation\n\n        best_ind :  dict,\n            The best individual after the last generation.\n\n        ",
                    "inputs": [
                        {
                            "name": "n_generations",
                            "docstring": "An integer for the number of generations to evolve the population for.",
                            "param_type": [
                                "int"
                            ],
                            "expected_shape": null,
                            "is_optional": true,
                            "default_value": "20",
                            "options": null
                        },
                        {
                            "name": "early_stopping",
                            "docstring": "Integer specifying the maximum number of generations for which the algorithm can select the same best individual, after which  the search terminates.",
                            "param_type": [
                                "int"
                            ],
                            "expected_shape": null,
                            "is_optional": true,
                            "default_value": "10",
                            "options": null
                        },
                        {
                            "name": "init_ratio",
                            "docstring": "Fraction of initial population to select for next generation. Required only for algorithm 3.",
                            "param_type": [
                                "float"
                            ],
                            "expected_shape": null,
                            "is_optional": true,
                            "default_value": "0.4",
                            "options": null
                        },
                        {
                            "name": "crossover_ratio",
                            "docstring": "Fraction of crossover population to select for next generation. Required only for algorithm 3.",
                            "param_type": [
                                "float"
                            ],
                            "expected_shape": null,
                            "is_optional": true,
                            "default_value": "0.3",
                            "options": null
                        }
                    ],
                    "outputs": [
                        {
                            "name": "best_ind_df",
                            "docstring": "A pandas dataframe of best individuals of each generation",
                            "param_type": [
                                "dataframe"
                            ],
                            "returned": true
                        },
                        {
                            "name": "best_ind",
                            "docstring": "The best individual after the last generation.",
                            "param_type": [
                                "dict"
                            ],
                            "returned": true
                        },
                        {
                            "name": "population",
                            "docstring": "list of individuals from the final generation",
                            "param_type": [
                                "list"
                            ],
                            "returned": false
                        },
                        {
                            "name": "fitness_dict",
                            "docstring": "dictionary of all individuals evaluated by the algorithm",
                            "param_type": [
                                "dict"
                            ],
                            "returned": false
                        }
                    ]
                },
                {
                    "name": "select",
                    "docstring": "None",
                    "inputs": [],
                    "outputs": []
                }
            ],
            "nodes": []
        }
    ],
    "library": "chemml",
    "module": "optimization"
}