{
    "name": "chemml.visualization",
    "docstring": "",
    "inputs": [],
    "outputs": [],
    "node_functions": [],
    "nodes": [
        {
            "name": "SavePlot",
            "docstring": "\n    Accepts a matplotlib AxesSubplot object and saves the figure with distinct options and at a specific location.\n    Displays the path to the saved figure.\n\n    Parameters:\n    ----------\n    filename: string\n        name of the file that needs to be saved\n\n    output_directory: string, optional (default=None)\n        specify the folder where the figure needs to be saved.\n        If the output directory that is specified does not exist, a new directory is created.\n\n    format: string, optional (default='png')\n        format of the figure that needs to be saved.\n        Note: we recommend 'eps' for publication quality\n\n    kwargs : dictionary, optional (default = {})\n        add any matplotlib options in the form of a dictionary.\n        provide keys in the form of a string.\n        for example kwargs = {'key':value}\n        https://matplotlib.org/api/_as_gen/matplotlib.figure.Figure.html#matplotlib.figure.Figure.savefig\n\n    Example:\n    --------\n    >>> from chemml.datasets import load_cep_homo\n    >>> from chemml.visualization import SavePlot\n    >>> smiles, homo = load_cep_homo()\n    >>> ax = homo.plot(kind='hist')\n    >>> sa=SavePlot(ax,filename='homo',output_directory='plots',kwargs={'facecolor':'w','dpi':100,'pad_inches':0.1, 'bbox_inches':'tight'})\n    >>> sa.save(main_directory='project')\n    The Plot has been saved at:  project/plots/abc1.png\n\n    ",
            "inputs": [],
            "outputs": [],
            "node_functions": [
                {
                    "name": "__init__",
                    "docstring": "None",
                    "inputs": [],
                    "outputs": []
                },
                {
                    "name": "save",
                    "docstring": "\n        This is the main function that saves the figure.\n\n        Parameters:\n        ----------\n        obj: matplotlib.axes._subplots.AxesSubplot or matplotlib.figure.Figure\n            contains information about the plot\n\n        main_directory: string, optional (default = '.')\n            specify the parent directory where the folder needs to be saved.\n            \n        ",
                    "inputs": [],
                    "outputs": []
                }
            ],
            "nodes": []
        },
        {
            "name": "decorator",
            "docstring": "\n    This class provides options to decorate a plot with more information.\n\n    Parameters\n    ----------\n    title: string, optional (default='')\n        title\n    xlabel: string, optional (default='')\n        the x axis label\n    ylabel: string, optional (default='')\n        the y axis label\n    xlim: tuple, optional (default=(None, None))\n        a tuple of min and max of x axis\n    ylim: tuple, optional (default=(None, None))\n        a tuple of min and max of y axis\n    grid: boolean, optional (default=True)\n        axes grids can be on (True) or off (False)\n        check: https://matplotlib.org/api/_as_gen/matplotlib.axes.Axes.grid.html\n    gridcolor: string, optional (default='k')\n        set grid color\n        check this link: https://matplotlib.org/api/_as_gen/matplotlib.lines.Line2D.html#matplotlib.lines.Line2D.set_linestyle\n    grid_linewidth: float, optional (default=2)\n        set grid line width\n        check this link: https://matplotlib.org/api/_as_gen/matplotlib.lines.Line2D.html#matplotlib.lines.Line2D.set_linewidth\n\n    Examples\n    --------\n    >>> from chemml.visualization import hist, decorator\n    >>> from chemml.datasets import load_organic_density\n    >>> smiles, density, features = load_organic_density()\n    >>> hg = hist(20,'g',{'normed':True})\n    >>> fig = hg.plot(features,'AMW')   # atomic molecular weights\n    >>> dec = decorator('histogram',xlabel='density', ylabel='%', xlim=(4,None), ylim=(0,None),            grid=True, grid_color='g', grid_linestyle=':', grid_linewidth=0.5)\n    >>> fig = dec.fit(fig)\n    >>> fig.show()\n    ",
            "inputs": [
                {
                    "name": "title: string, optional (default='')",
                    "docstring": "title",
                    "param_type": [
                        null
                    ],
                    "expected_shape": null,
                    "is_optional": false,
                    "default_value": null,
                    "options": null
                },
                {
                    "name": "xlabel: string, optional (default='')",
                    "docstring": "the x axis label",
                    "param_type": [
                        null
                    ],
                    "expected_shape": null,
                    "is_optional": false,
                    "default_value": null,
                    "options": null
                },
                {
                    "name": "ylabel: string, optional (default='')",
                    "docstring": "the y axis label",
                    "param_type": [
                        null
                    ],
                    "expected_shape": null,
                    "is_optional": false,
                    "default_value": null,
                    "options": null
                },
                {
                    "name": "xlim: tuple, optional (default=(None, None))",
                    "docstring": "a tuple of min and max of x axis",
                    "param_type": [
                        null
                    ],
                    "expected_shape": null,
                    "is_optional": false,
                    "default_value": null,
                    "options": null
                },
                {
                    "name": "ylim: tuple, optional (default=(None, None))",
                    "docstring": "a tuple of min and max of y axis",
                    "param_type": [
                        null
                    ],
                    "expected_shape": null,
                    "is_optional": false,
                    "default_value": null,
                    "options": null
                },
                {
                    "name": "grid: boolean, optional (default=True)",
                    "docstring": "axes grids can be on (True) or off (False) check: https://matplotlib.org/api/_as_gen/matplotlib.axes.Axes.grid.html",
                    "param_type": [
                        null
                    ],
                    "expected_shape": null,
                    "is_optional": false,
                    "default_value": null,
                    "options": null
                },
                {
                    "name": "gridcolor: string, optional (default='k')",
                    "docstring": "set grid color check this link: https://matplotlib.org/api/_as_gen/matplotlib.lines.Line2D.html#matplotlib.lines.Line2D.set_linestyle",
                    "param_type": [
                        null
                    ],
                    "expected_shape": null,
                    "is_optional": false,
                    "default_value": null,
                    "options": null
                },
                {
                    "name": "grid_linewidth: float, optional (default=2)",
                    "docstring": "set grid line width check this link: https://matplotlib.org/api/_as_gen/matplotlib.lines.Line2D.html#matplotlib.lines.Line2D.set_linewidth",
                    "param_type": [
                        null
                    ],
                    "expected_shape": null,
                    "is_optional": false,
                    "default_value": null,
                    "options": null
                }
            ],
            "outputs": [],
            "node_functions": [
                {
                    "name": "__init__",
                    "docstring": "None",
                    "inputs": [],
                    "outputs": []
                },
                {
                    "name": "fit",
                    "docstring": "\n        the main function to fit the parameters to the input figure\n\n        Parameters\n        ----------\n        figure: matplotlib.figure.Figure object or matplotlib.AxesSubplot object\n            this function only proceed with one set of axes in the figure.\n\n        Returns\n        -------\n        matplotlib.figure.Figure object\n\n        ",
                    "inputs": [
                        {
                            "name": "figure: matplotlib.figure.Figure object or matplotlib.AxesSubplot object",
                            "docstring": "this function only proceed with one set of axes in the figure.",
                            "param_type": [
                                null
                            ],
                            "expected_shape": null,
                            "is_optional": false,
                            "default_value": null,
                            "options": null
                        }
                    ],
                    "outputs": [
                        {
                            "name": "",
                            "docstring": "",
                            "param_type": [
                                "object"
                            ],
                            "returned": true
                        }
                    ]
                },
                {
                    "name": "matplotlib_font",
                    "docstring": "\n        The matplotlib_font function sets custom font properties.\n\n        Notes\n        -----\n        Changing these parameters wil affect all the plots in your working session.\n\n        Parameters\n        ----------\n        family: string, optional (default = 'normal')\n            check this example: https://matplotlib.org/examples/pylab_examples/fonts_demo.html\n        size: integer or string, optional (default = 18)\n            check this example: https://matplotlib.org/examples/pylab_examples/fonts_demo.html\n        weight: string, optional (default = 'normal')\n            check this example: https://matplotlib.org/examples/pylab_examples/fonts_demo.html\n        style: string, optional (default = 'normal')\n            check this example: https://matplotlib.org/examples/pylab_examples/fonts_demo.html\n        variant: string, optional (default = 'normal')\n            check this example: https://matplotlib.org/examples/pylab_examples/fonts_demo.html\n\n        Returns\n        -------\n\n        ",
                    "inputs": [
                        {
                            "name": "family: string, optional (default = 'normal')",
                            "docstring": "check this example: https://matplotlib.org/examples/pylab_examples/fonts_demo.html",
                            "param_type": [
                                null
                            ],
                            "expected_shape": null,
                            "is_optional": false,
                            "default_value": null,
                            "options": null
                        },
                        {
                            "name": "size: integer or string, optional (default = 18)",
                            "docstring": "check this example: https://matplotlib.org/examples/pylab_examples/fonts_demo.html",
                            "param_type": [
                                null
                            ],
                            "expected_shape": null,
                            "is_optional": false,
                            "default_value": null,
                            "options": null
                        },
                        {
                            "name": "weight: string, optional (default = 'normal')",
                            "docstring": "check this example: https://matplotlib.org/examples/pylab_examples/fonts_demo.html",
                            "param_type": [
                                null
                            ],
                            "expected_shape": null,
                            "is_optional": false,
                            "default_value": null,
                            "options": null
                        },
                        {
                            "name": "style: string, optional (default = 'normal')",
                            "docstring": "check this example: https://matplotlib.org/examples/pylab_examples/fonts_demo.html",
                            "param_type": [
                                null
                            ],
                            "expected_shape": null,
                            "is_optional": false,
                            "default_value": null,
                            "options": null
                        },
                        {
                            "name": "variant: string, optional (default = 'normal')",
                            "docstring": "check this example: https://matplotlib.org/examples/pylab_examples/fonts_demo.html",
                            "param_type": [
                                null
                            ],
                            "expected_shape": null,
                            "is_optional": false,
                            "default_value": null,
                            "options": null
                        }
                    ],
                    "outputs": []
                }
            ],
            "nodes": []
        },
        {
            "name": "hist",
            "docstring": "\n    The histogram plotting interface. It is built on top of the matplotlib.pyplot.hist function .\n    check this link: https://matplotlib.org/api/_as_gen/matplotlib.pyplot.hist.html#matplotlib.pyplot.hist\n\n    Parameters\n    ----------\n    bins:  integer or sequence or 'auto', optional (default = None)\n        exact same parameter from matplotlib.pyplot.hist\n\n    color: color or array_like of colors or None, optional (default = None)\n        exact same parameter from matplotlib.pyplot.hist\n\n    kwargs : dictionary, optional (default = {})\n        add any matplotlib.pyplot.hist parameter in the form of a dictionary.\n        check this link: https://matplotlib.org/api/_as_gen/matplotlib.pyplot.hist.html#matplotlib.pyplot.hist\n\n        provide keys in the form of a string.\n        for example kwargs = {'key':value}\n\n    Examples\n    --------\n    >>> from chemml.visualization import hist\n    >>> from chemml.datasets import load_organic_density\n    >>> smiles, density, features = load_organic_density()\n    >>> hg = hist(20,'g',{'normed':True})\n    >>> fig = hg.plot(features,'AMW')   # atomic molecular weights\n    >>> fig.show()\n\n    ",
            "inputs": [
                {
                    "name": "bins:  integer or sequence or 'auto', optional (default = None)",
                    "docstring": "exact same parameter from matplotlib.pyplot.hist",
                    "param_type": [
                        null
                    ],
                    "expected_shape": null,
                    "is_optional": false,
                    "default_value": null,
                    "options": null
                },
                {
                    "name": "color: color or array_like of colors or None, optional (default = None)",
                    "docstring": "exact same parameter from matplotlib.pyplot.hist",
                    "param_type": [
                        null
                    ],
                    "expected_shape": null,
                    "is_optional": false,
                    "default_value": null,
                    "options": null
                },
                {
                    "name": "kwargs",
                    "docstring": "add any matplotlib.pyplot.hist parameter in the form of a dictionary. check this link: https://matplotlib.org/api/_as_gen/matplotlib.pyplot.hist.html#matplotlib.pyplot.hist  provide keys in the form of a string. for example kwargs = {'key':value}",
                    "param_type": [
                        "LIST_VALID_OPTIONS",
                        "dict"
                    ],
                    "expected_shape": null,
                    "is_optional": true,
                    "default_value": "",
                    "options": [
                        "dictionary",
                        "optional (default = )"
                    ]
                }
            ],
            "outputs": [],
            "node_functions": [
                {
                    "name": "__init__",
                    "docstring": "None",
                    "inputs": [],
                    "outputs": []
                },
                {
                    "name": "plot",
                    "docstring": "\n        the main function to plot based on the input dataframe and its header\n\n        Parameters\n        ----------\n        dfx: pandas dataframe\n            the x axis data\n        x: string or integer, optional (default=0)\n            header or position of data in the dfx\n\n        Returns\n        -------\n        matplotlib.figure.Figure object\n\n        ",
                    "inputs": [
                        {
                            "name": "dfx: pandas dataframe",
                            "docstring": "the x axis data",
                            "param_type": [
                                null
                            ],
                            "expected_shape": null,
                            "is_optional": false,
                            "default_value": null,
                            "options": null
                        },
                        {
                            "name": "x: string or integer, optional (default=0)",
                            "docstring": "header or position of data in the dfx",
                            "param_type": [
                                null
                            ],
                            "expected_shape": null,
                            "is_optional": false,
                            "default_value": null,
                            "options": null
                        }
                    ],
                    "outputs": [
                        {
                            "name": "",
                            "docstring": "",
                            "param_type": [
                                "object"
                            ],
                            "returned": true
                        }
                    ]
                }
            ],
            "nodes": []
        },
        {
            "name": "scatter2D",
            "docstring": "\n    The scatter 2D plotting interface. It is built on top of the matplotlib.pyplot.plot function.\n\n    Parameters\n    ----------\n    color: string, optional (default='b')\n        set color\n        check this link Notes for available options: https://matplotlib.org/api/_as_gen/matplotlib.pyplot.plot.html#matplotlib.pyplot.plot\n\n    marker: string, optional (default='.')\n        set marker\n        check this link Notes for available options: https://matplotlib.org/api/_as_gen/matplotlib.pyplot.plot.html#matplotlib.pyplot.plot\n\n    linestyle: string, optional (default='')\n        set line style\n        check this link: https://matplotlib.org/api/_as_gen/matplotlib.lines.Line2D.html#matplotlib.lines.Line2D.set_linestyle\n    linewidth: float, optional (default=2)\n        set line width\n        check this link: https://matplotlib.org/api/_as_gen/matplotlib.lines.Line2D.html#matplotlib.lines.Line2D.set_linewidth\n\n    Examples\n    --------\n    >>> from chemml.visualization import scatter2D\n    >>> from chemml.datasets import load_organic_density\n    >>> smiles, density, features = load_organic_density()\n    >>> sc = scatter2D('r', marker='.')\n    >>> fig = sc.plot(dfx=den, dfy=fea, x=0, y=1)\n    >>> fig.show()\n    ",
            "inputs": [
                {
                    "name": "color: string, optional (default='b')",
                    "docstring": "set color check this link Notes for available options: https://matplotlib.org/api/_as_gen/matplotlib.pyplot.plot.html#matplotlib.pyplot.plot",
                    "param_type": [
                        null
                    ],
                    "expected_shape": null,
                    "is_optional": false,
                    "default_value": null,
                    "options": null
                },
                {
                    "name": "marker: string, optional (default='.')",
                    "docstring": "set marker check this link Notes for available options: https://matplotlib.org/api/_as_gen/matplotlib.pyplot.plot.html#matplotlib.pyplot.plot",
                    "param_type": [
                        null
                    ],
                    "expected_shape": null,
                    "is_optional": false,
                    "default_value": null,
                    "options": null
                },
                {
                    "name": "linestyle: string, optional (default='')",
                    "docstring": "set line style check this link: https://matplotlib.org/api/_as_gen/matplotlib.lines.Line2D.html#matplotlib.lines.Line2D.set_linestyle",
                    "param_type": [
                        null
                    ],
                    "expected_shape": null,
                    "is_optional": false,
                    "default_value": null,
                    "options": null
                },
                {
                    "name": "linewidth: float, optional (default=2)",
                    "docstring": "set line width check this link: https://matplotlib.org/api/_as_gen/matplotlib.lines.Line2D.html#matplotlib.lines.Line2D.set_linewidth",
                    "param_type": [
                        null
                    ],
                    "expected_shape": null,
                    "is_optional": false,
                    "default_value": null,
                    "options": null
                }
            ],
            "outputs": [],
            "node_functions": [
                {
                    "name": "__init__",
                    "docstring": "None",
                    "inputs": [],
                    "outputs": []
                },
                {
                    "name": "plot",
                    "docstring": "\n        the main function to plot based on the input dataframes and their headers\n\n        Parameters\n        ----------\n        dfx: pandas dataframe\n            the x axis data\n        dfy: pandas dataframe\n            the y axis data\n        x: string or integer, optional (default=0)\n            header or position of data in the dfx\n        y: string or integer, optional (default=0)\n            header or position of data in the dfy\n\n        Returns\n        -------\n        matplotlib.figure.Figure object\n\n        ",
                    "inputs": [
                        {
                            "name": "dfx: pandas dataframe",
                            "docstring": "the x axis data",
                            "param_type": [
                                null
                            ],
                            "expected_shape": null,
                            "is_optional": false,
                            "default_value": null,
                            "options": null
                        },
                        {
                            "name": "dfy: pandas dataframe",
                            "docstring": "the y axis data",
                            "param_type": [
                                null
                            ],
                            "expected_shape": null,
                            "is_optional": false,
                            "default_value": null,
                            "options": null
                        },
                        {
                            "name": "x: string or integer, optional (default=0)",
                            "docstring": "header or position of data in the dfx",
                            "param_type": [
                                null
                            ],
                            "expected_shape": null,
                            "is_optional": false,
                            "default_value": null,
                            "options": null
                        },
                        {
                            "name": "y: string or integer, optional (default=0)",
                            "docstring": "header or position of data in the dfy",
                            "param_type": [
                                null
                            ],
                            "expected_shape": null,
                            "is_optional": false,
                            "default_value": null,
                            "options": null
                        }
                    ],
                    "outputs": [
                        {
                            "name": "",
                            "docstring": "",
                            "param_type": [
                                "object"
                            ],
                            "returned": true
                        }
                    ]
                }
            ],
            "nodes": []
        }
    ],
    "library": "chemml",
    "module": "visualization"
}