{
  "nodes": {
    "ID1": {
      "name": "read_csv",
      "library": "pandas",
      "module": "",
      "inputs": {
        "filepath_or_buffer": "/path/to/boston.csv"
      },
      "outputs": {
        "DataFrame": true
      },
      "method": {}
    },
    "ID2": {
      "name": "StandardScaler",
      "library": "sklearn",
      "module": "preprocessing",
      "inputs": {},
      "outputs": {},
      "method": {
        "name": "fit_transform",
        "inputs": {
          "X": "@ID1@DataFrame"
        },
        "outputs": {
          "X_new": true
        }
      }
    },
    "ID3": {
      "name": "PCA",
      "library": "sklearn",
      "module": "decomposition",
      "inputs": {},
      "outputs": {},
      "method": {
        "name": "fit_transform",
        "inputs": {
          "X": "@ID2@X_new"
        },
        "outputs": {
          "X_new": true
        }
      }
    },
    "ID4": {
      "name": "train_test_split",
      "library": "sklearn",
      "module": "model_selection",
      "inputs": {
        "*arrays": "@ID3@X_new",
        "test_size": "0.3"
      },
      "outputs": {
        "train": true,
        "test": true
      },
      "method": {}
    },
    "ID5": {
      "name": "split_columns",
      "library": "??",
      "module": "??",
      "inputs" : {
        "??": "@ID4@train"
      },
      "outputs": {
        "df1": true,
        "df2": true
      },
      "method": {}
    },
    "ID6": {
      "name": "split_columns",
      "library": "??",
      "module": "??",
      "inputs" : {
        "??": "@ID4@test"
      },
      "outputs": {
        "df1": true,
        "df2": true
      },
      "method": {}
    },
    "ID7": {
      "name": "LinearRegression",
      "library": "sklearn",
      "module": "linear_model",
      "inputs": {},
      "outputs": {
        "obj": true
      },
      "method": {
        "name": "fit",
        "inputs": {
          "X": "@ID5@df1",
          "y": "@ID5@df2"
        },
        "outputs": {}
      }
    },
    "ID8": {
      "name": "LinearRegression",
      "library": "sklearn",
      "module": "linear_model",
      "inputs": {
        "obj": "@ID7@obj"
      },
      "outputs": {},
      "method": {
        "name": "predict",
        "inputs": {
          "X": "@ID6@df1"
        },
        "outputs": {
          "C": true
        }
      }
    },
    "ID9": {
      "name": "savetxt",
      "library": "numpy",
      "inputs": {
        "fname": "/path/to/results.csv",
        "X": "@ID8@C"
      },
      "outputs": {},
      "method": {}
    }
  }
}