{
  "Enter": {
    "table": {
      "pandas": [
        "read_excel",
        "read_table"
      ]
    },
    "Convert": {
      "cheml": [
        "ConvertFile"
      ]
    },
    "datasets": {
      "cheml": [
        "load_cep_homo",
        "load_comp_energy",
        "load_crystal_structures",
        "load_organic_density",
        "load_xyz_polarizability"
      ]
    },
    "xyz": {
      "cheml": [
        "XYZreader"
      ]
    },
    "python script": {
      "cheml": [
        "PyScript"
      ]
    }
  },
  "Represent": {
    "molecular descriptors": {
      "cheml": [
        "BagofBonds",
        "CoulombMatrix",
        "Dragon",
        "RDKitFingerprint"
      ]
    },
    "inorganic input": {
      "cheml": [
        "CompositionEntry",
        "CrystalStructureEntry"
      ]
    },
    "distance matrix": {
      "cheml": [
        "DistanceMatrix"
      ]
    },
    "inorganic descriptors": {
      "cheml": [
        "APEAttributeGenerator",
        "APRDFAttributeGenerator",
        "ChargeDependentAttributeGenerator",
        "ChemicalOrderingAttributeGenerator",
        "CoordinationNumberAttributeGenerator",
        "CoulombMatrixAttributeGenerator",
        "EffectiveCoordinationNumberAttributeGenerator",
        "ElementFractionAttributeGenerator",
        "ElementPairPropertyAttributeGenerator",
        "ElementalPropertyAttributeGenerator",
        "GCLPAttributeGenerator",
        "IonicCompoundProximityAttributeGenerator",
        "IonicityAttributeGenerator",
        "LatticeSimilarityAttributeGenerator",
        "LocalPropertyDifferenceAttributeGenerator",
        "LocalPropertyVarianceAttributeGenerator",
        "MeredigAttributeGenerator",
        "PRDFAttributeGenerator",
        "PackingEfficiencyAttributeGenerator",
        "StoichiometricAttributeGenerator",
        "StructuralHeterogeneityAttributeGenerator",
        "ValenceShellAttributeGenerator",
        "YangOmegaAttributeGenerator"
      ]
    }
  },
  "Prepare": {
    "data manipulation": {
      "cheml": [
        "Split"
      ],
      "pandas": [
        "concat"
      ]
    },
    "feature transformation": {
      "sklearn": [
        "KernelPCA",
        "PCA"
      ]
    },
    "data cleaning": {
      "cheml": [
        "ConstantColumns",
        "MissingValues",
        "Outliers"
      ],
      "sklearn": [
        "Imputer"
      ]
    },
    "scaling": {
      "sklearn": [
        "MaxAbsScaler",
        "MinMaxScaler",
        "Normalizer",
        "RobustScaler",
        "StandardScaler"
      ]
    },
    "feature representation": {
      "sklearn": [
        "Binarizer",
        "OneHotEncoder",
        "PolynomialFeatures"
      ]
    },
    "split": {
      "sklearn": [
        "KFold",
        "LeaveOneOut",
        "ShuffleSplit",
        "StratifiedShuffleSplit",
        "train_test_split"
      ]
    }
  },
  "Model": {
    "regression": {
      "cheml": [
        "MLP",
        "MLP_sklearn"
      ],
      "sklearn": [
        "ARDRegression",
        "BayesianRidge",
        "ElasticNet",
        "KernelRidge",
        "Lars",
        "Lasso",
        "LassoLars",
        "LinearRegression",
        "LinearSVR",
        "LogisticRegression",
        "MLPRegressor",
        "MultiTaskElasticNet",
        "MultiTaskLasso",
        "NuSVR",
        "Ridge",
        "SGDRegressor",
        "SVR"
      ]
    }
  },
  "Search": {
    "evaluate": {
      "pandas": [
        "corr"
      ],
      "sklearn": [
        "evaluate_regression",
        "scorer_regression"
      ]
    },
    "validate": {
      "sklearn": [
        "cross_val_predict",
        "cross_val_score"
      ]
    },
    "grid": {
      "sklearn": [
        "GridSearchCV",
        "learning_curve"
      ]
    },
    "genetic algorithm": {
      "cheml": [
        "GA_DEAP"
      ]
    }
  },
  "Mix": {},
  "Visualize": {
    "plot": {
      "cheml": [
        "hist",
        "scatter2D"
      ],
      "pandas": [
        "plot"
      ]
    },
    "artist": {
      "cheml": [
        "decorator"
      ]
    }
  },
  "Store": {
    "figure": {
      "cheml": [
        "SavePlot"
      ]
    },
    "file": {
      "cheml": [
        "SaveFile"
      ]
    }
  }
}